{
  "APPLICATION": {
    "domain": "APPLICATION",
    "fields": [
      {
        "shared": 0,
        "bulkChangeActions": [
          "replace",
          "clear"
        ],
        "field": "customN",
        "udf": 1,
        "show": 1,
        "errorMessage": "",
        "control": "String",
        "label": "DSID-VMwareHCX",
        "imp": "O",
        "constraints": {
          "required": 0
        },
        "order": 103
      },
      {
        "shared": 1,
        "bulkChangeActions": [
          "replace",
          "clear"
        ],
        "field": "customN",
        "udf": 1,
        "show": 1,
        "errorMessage": "",
        "control": "String",
        "tip": "c82",
        "label": "Target Folder",
        "imp": "P",
        "constraints": {
          "required": 0
        },
        "order": 750
      },
      {
        "shared": 0,
        "bulkChangeActions": [
          "replace",
          "clear"
        ],
        "field": "customN",
        "udf": 1,
        "show": 1,
        "errorMessage": "",
        "control": "String",
        "tip": "c71",
        "label": "DSEP-VMwareHCX",
        "constraints": {
          "required": 0
        },
        "imp": "O",
        "order": 190
      }
    ],
    "version": 131
  },
  "DATABASE": {
    "domain": "DATABASE",
    "fields": [
      {
        "shared": 0,
        "bulkChangeActions": [
          "replace",
          "clear"
        ],
        "field": "customN",
        "udf": 1,
        "show": 1,
        "errorMessage": "",
        "control": "String",
        "label": "DSID-VMwareHCX",
        "imp": "O",
        "constraints": {
          "required": 0
        },
        "order": 103
      },
      {
        "shared": 1,
        "bulkChangeActions": [
          "replace",
          "clear"
        ],
        "field": "customN",
        "udf": 1,
        "show": 1,
        "errorMessage": "",
        "control": "String",
        "tip": "c82",
        "label": "Target Folder",
        "imp": "P",
        "constraints": {
          "required": 0
        },
        "order": 750
      },
      {
        "shared": 0,
        "bulkChangeActions": [
          "replace",
          "clear"
        ],
        "field": "customN",
        "udf": 1,
        "show": 1,
        "errorMessage": "",
        "control": "String",
        "tip": "c71",
        "label": "DSEP-VMwareHCX",
        "constraints": {
          "required": 0
        },
        "imp": "O",
        "order": 190
      }
    ],
    "version": 75
  },
  "DEVICE": {
    "domain": "DEVICE",
    "fields": [
      {
        "shared": 0,
        "bulkChangeActions": [
          "replace",
          "clear"
        ],
        "field": "customN",
        "udf": 1,
        "show": 1,
        "errorMessage": "",
        "control": "String",
        "tip": "c88",
        "label": "Installed Version",
        "imp": "P",
        "constraints": {
          "required": 0
        },
        "order": 744
      },
      {
        "shared": 0,
        "bulkChangeActions": [
          "replace",
          "clear"
        ],
        "field": "customN",
        "udf": 1,
        "show": 1,
        "errorMessage": "",
        "control": "String",
        "tip": "c94",
        "label": "Target Compute Container",
        "imp": "P",
        "constraints": {
          "required": 0
        },
        "order": 747
      },
      {
        "shared": 0,
        "bulkChangeActions": [
          "replace",
          "clear"
        ],
        "field": "customN",
        "udf": 1,
        "show": 1,
        "errorMessage": "",
        "control": "String",
        "tip": "c95",
        "label": "Target Datastore",
        "imp": "P",
        "constraints": {
          "required": 0
        },
        "order": 748
      },
      {
        "shared": 0,
        "bulkChangeActions": [
          "replace",
          "clear"
        ],
        "field": "customN",
        "udf": 1,
        "show": 1,
        "errorMessage": "",
        "control": "String",
        "tip": "c96",
        "label": "Target Network",
        "imp": "P",
        "constraints": {
          "required": 0
        },
        "order": 749
      },
      {
        "shared": 0,
        "bulkChangeActions": [
          "replace",
          "clear"
        ],
        "field": "customN",
        "udf": 1,
        "show": 1,
        "errorMessage": "",
        "control": "String",
        "tip": "c26",
        "label": "Target vCenter",
        "imp": "P",
        "constraints": {
          "required": 0
        },
        "order": 749
      },
      {
        "shared": 0,
        "bulkChangeActions": [
          "replace",
          "clear"
        ],
        "field": "customN",
        "udf": 1,
        "show": 1,
        "errorMessage": "",
        "control": "String",
        "tip": "c59",
        "label": "DSID-VMwareHCX",
        "imp": "O",
        "constraints": {
          "required": 0
        },
        "order": 103
      },
      {
        "shared": 1,
        "bulkChangeActions": [
          "replace",
          "clear"
        ],
        "field": "customN",
        "udf": 1,
        "show": 1,
        "errorMessage": "",
        "control": "String",
        "tip": "c82",
        "label": "Target Folder",
        "imp": "P",
        "constraints": {
          "required": 0
        },
        "order": 750
      }
    ],
    "version": 197
  },
  "STORAGE": {
    "domain": "STORAGE",
    "fields": [
      {
        "shared": 0,
        "bulkChangeActions": [
          "replace",
          "clear"
        ],
        "field": "customN",
        "udf": 1,
        "show": 1,
        "errorMessage": "",
        "control": "String",
        "label": "DSID-VMwareHCX",
        "imp": "O",
        "constraints": {
          "required": 0
        },
        "order": 103
      }
    ],
    "version": 73
  }
}