[
  {
    "label": "A2A",
    "id": null
  },
  {
    "label": "A2A - Hard",
    "id": null
  },
  {
    "label": "AIS",
    "id": null
  },
  {
    "label": "Batch",
    "id": null
  },
  {
    "label": "Cluster Runs On",
    "id": null
  },
  {
    "label": "Cluster Runs On SQL",
    "id": null
  },
  {
    "label": "Datastore",
    "id": null
  },
  {
    "label": "DB",
    "id": null
  },
  {
    "label": "DB MySQL",
    "id": null
  },
  {
    "label": "DB Oracle",
    "id": null
  },
  {
    "label": "DB Postgre",
    "id": null
  },
  {
    "label": "DB Server DB2",
    "id": null
  },
  {
    "label": "DB Server MySQL",
    "id": null
  },
  {
    "label": "DB Server Oracle",
    "id": null
  },
  {
    "label": "DB Server Postgre",
    "id": null
  },
  {
    "label": "DB Server SQL",
    "id": null
  },
  {
    "label": "DB SQL",
    "id": null
  },
  {
    "label": "DB2DB",
    "id": null
  },
  {
    "label": "DBHost",
    "id": null
  },
  {
    "label": "File",
    "id": null
  },
  {
    "label": "File - Hard",
    "id": null
  },
  {
    "label": "FTP/SCP",
    "id": null
  },
  {
    "label": "HCX Destination",
    "id": null
  },
  {
    "label": "HCX Paired Site",
    "id": null
  },
  {
    "label": "HCX Replacement",
    "id": null
  },
  {
    "label": "HCX Source",
    "id": null
  },
  {
    "label": "Hosts",
    "id": null
  },
  {
    "label": "Logical Organization",
    "id": null
  },
  {
    "label": "MQ",
    "id": null
  },
  {
    "label": "Network",
    "id": null
  },
  {
    "label": "POP3",
    "id": null
  },
  {
    "label": "Resource Pool",
    "id": null
  },
  {
    "label": "Runs On",
    "id": null
  },
  {
    "label": "SMTP",
    "id": null
  },
  {
    "label": "Unknown",
    "id": null
  },
  {
    "label": "vCenter Managed",
    "id": null
  },
  {
    "label": "vDatastore",
    "id": null
  },
  {
    "label": "vDisk-vDatastore",
    "id": null
  },
  {
    "label": "VIP",
    "id": null
  },
  {
    "label": "VLAN",
    "id": null
  },
  {
    "label": "VLAN-app",
    "id": null
  },
  {
    "label": "VM Runs On",
    "id": null
  },
  {
    "label": "VM-vDatastore",
    "id": null
  },
  {
    "label": "VM-vDisk",
    "id": null
  },
  {
    "label": "VM-vPartition",
    "id": null
  },
  {
    "label": "VMHost-vDatastore",
    "id": null
  },
  {
    "label": "vPartition",
    "id": null
  },
  {
    "label": "Web",
    "id": null
  },
  {
    "label": "Witness",
    "id": null
  }
]
