{
  "APPLICATION": {
    "domain": "APPLICATION",
    "fields": [
      {
        "shared": 1,
        "bulkChangeActions": [
          "replace",
          "clear"
        ],
        "field": "customN",
        "udf": 1,
        "show": 1,
        "control": "List",
        "tip": "c1",
        "label": "Migration Method",
        "constraints": {
          "values": [
            "",
            "Clust remed",
            "Clust remed P2P",
            "Cluster",
            "L&S",
            "LPAR",
            "LPAR_HA",
            "OCI",
            "OCI_PCA",
            "OCI_PCC",
            "Oracle phys",
            "P2P",
            "P2V",
            "P2V by cust.",
            "PCA",
            "Remed+V2V",
            "V2V",
            "P2P_SAN",
            "PCA_DB",
            "PCA_NonDB",
            "PCA_NonOracle",
            "PCA_Oracle"
          ],
          "required": 0
        },
        "imp": "N",
        "order": 100
      },
      {
        "shared": 1,
        "bulkChangeActions": [
          "replace",
          "clear"
        ],
        "field": "customN",
        "udf": 1,
        "show": 1,
        "control": "String",
        "tip": "c4",
        "label": "Agency",
        "constraints": {
          "required": 0
        },
        "imp": "O",
        "order": 116
      },
      {
        "shared": 1,
        "bulkChangeActions": [
          "replace",
          "clear"
        ],
        "field": "customN",
        "udf": 1,
        "show": 1,
        "control": "String",
        "tip": "c11",
        "label": "Orig Src Doc",
        "constraints": {
          "required": 0
        },
        "imp": "N",
        "order": 117
      },
      {
        "shared": 0,
        "bulkChangeActions": [
          "replace",
          "clear"
        ],
        "field": "customN",
        "udf": 1,
        "show": 0,
        "control": "String",
        "tip": "c2",
        "label": "App ID",
        "constraints": {
          "required": 0
        },
        "imp": "N",
        "order": 116
      },
      {
        "shared": 0,
        "bulkChangeActions": [
          "replace",
          "clear"
        ],
        "field": "customN",
        "udf": 1,
        "show": 0,
        "control": "String",
        "tip": "c3",
        "label": "Status",
        "constraints": {
          "required": 0
        },
        "imp": "N",
        "order": 117
      },
      {
        "shared": 0,
        "bulkChangeActions": [
          "replace",
          "clear"
        ],
        "field": "customN",
        "udf": 1,
        "show": 0,
        "control": "String",
        "tip": "c5: Business (system) owner",
        "label": "Bus. (Sys) Owner",
        "constraints": {
          "required": 0
        },
        "imp": "N",
        "order": 115
      },
      {
        "shared": 0,
        "default": "No",
        "bulkChangeActions": [
          "replace",
          "clear"
        ],
        "field": "customN",
        "udf": 1,
        "show": 1,
        "control": "YesNo",
        "tip": "c13: Will vendor support be required for the move or post-move testing?",
        "label": "Vendor Support",
        "constraints": {
          "values": [
            "",
            "Yes",
            "No"
          ],
          "required": 0
        },
        "imp": "U",
        "order": 101
      },
      {
        "shared": 0,
        "default": "No",
        "bulkChangeActions": [
          "replace",
          "clear"
        ],
        "field": "customN",
        "udf": 1,
        "show": 1,
        "control": "YesNo",
        "tip": "c14: Do any external parties require connectivity to the application?",
        "label": "External Connection",
        "constraints": {
          "values": [
            "",
            "Yes",
            "No"
          ],
          "required": 0
        },
        "imp": "U",
        "order": 102
      },
      {
        "shared": 0,
        "default": "No",
        "bulkChangeActions": [
          "replace",
          "clear"
        ],
        "field": "customN",
        "udf": 1,
        "show": 1,
        "control": "YesNo",
        "tip": "c15: Does the app store PII data?",
        "label": "PII Data",
        "constraints": {
          "values": [
            "",
            "Yes",
            "No"
          ],
          "required": 0
        },
        "imp": "U",
        "order": 103
      },
      {
        "shared": 0,
        "default": "No",
        "bulkChangeActions": [
          "replace",
          "clear"
        ],
        "field": "customN",
        "udf": 1,
        "show": 1,
        "control": "YesNo",
        "tip": "c16: Does the app store PCI data?",
        "label": "PCI Data",
        "constraints": {
          "values": [
            "",
            "Yes",
            "No"
          ],
          "required": 0
        },
        "imp": "U",
        "order": 104
      },
      {
        "shared": 0,
        "default": "No",
        "bulkChangeActions": [
          "replace",
          "clear"
        ],
        "field": "customN",
        "udf": 1,
        "show": 1,
        "control": "YesNo",
        "tip": "c17: Does the app store HIPPAdata?",
        "label": "HIPAA/PHI Data",
        "constraints": {
          "values": [
            "",
            "Yes",
            "No"
          ],
          "required": 0
        },
        "imp": "U",
        "order": 105
      },
      {
        "shared": 0,
        "default": "No",
        "bulkChangeActions": [
          "replace",
          "clear"
        ],
        "field": "customN",
        "udf": 1,
        "show": 1,
        "control": "YesNo",
        "tip": "c18: Does the app store FTI data?",
        "label": "FTI Data",
        "constraints": {
          "values": [
            "",
            "Yes",
            "No"
          ],
          "required": 0
        },
        "imp": "U",
        "order": 106
      },
      {
        "shared": 0,
        "default": "No",
        "bulkChangeActions": [
          "replace",
          "clear"
        ],
        "field": "customN",
        "udf": 1,
        "show": 1,
        "control": "YesNo",
        "tip": "c18: Does the app store other sensitive data?",
        "label": "Other Sensitive Data",
        "constraints": {
          "values": [
            "",
            "Yes",
            "No"
          ],
          "required": 0
        },
        "imp": "U",
        "order": 107
      },
      {
        "shared": 0,
        "default": "No",
        "bulkChangeActions": [
          "replace",
          "clear"
        ],
        "field": "customN",
        "udf": 1,
        "show": 1,
        "control": "YesNo",
        "tip": "c20: Is there a plan to migrate the application to the public cloud?",
        "label": "Off-prem Cloud",
        "constraints": {
          "values": [
            "",
            "Yes",
            "No"
          ],
          "required": 0
        },
        "imp": "U",
        "order": 108
      },
      {
        "shared": 0,
        "default": "No",
        "bulkChangeActions": [
          "replace",
          "clear"
        ],
        "field": "customN",
        "udf": 1,
        "show": 1,
        "control": "YesNo",
        "tip": "c21: Are there any concerns about or obstacles to changing IP addresses of devices supporting the application?",
        "label": "Re-IP Concerns",
        "constraints": {
          "values": [
            "",
            "Yes",
            "No"
          ],
          "required": 0
        },
        "imp": "U",
        "order": 109
      },
      {
        "shared": 0,
        "default": "No",
        "bulkChangeActions": [
          "replace",
          "clear"
        ],
        "field": "customN",
        "udf": 1,
        "show": 1,
        "control": "List",
        "tip": "c22: Does the application reference any devices by specific IP address?",
        "label": "Hard-Coded IPs",
        "constraints": {
          "values": [
            "",
            "Yes",
            "No",
            "Don't Know"
          ],
          "required": 0
        },
        "imp": "U",
        "order": 110
      },
      {
        "shared": 0,
        "bulkChangeActions": [
          "replace",
          "clear"
        ],
        "field": "customN",
        "udf": 1,
        "show": 1,
        "control": "String",
        "tip": "c23: List any blackout dates, ranges, etc. here.",
        "label": "Blackout Periods",
        "constraints": {
          "required": 0
        },
        "imp": "G",
        "order": 113
      },
      {
        "shared": 0,
        "bulkChangeActions": [
          "replace",
          "clear"
        ],
        "field": "customN",
        "udf": 1,
        "show": 0,
        "control": "String",
        "tip": "c24: Standard app maintenance window, when outages are expected",
        "label": "Maintenance Window",
        "constraints": {
          "required": 0
        },
        "imp": "N",
        "order": 114
      },
      {
        "shared": 0,
        "bulkChangeActions": [
          "replace",
          "clear"
        ],
        "field": "customN",
        "udf": 1,
        "show": 1,
        "control": "String",
        "tip": "c25: Expected retirement date of the application",
        "label": "Retirement Date",
        "constraints": {
          "required": 0
        },
        "imp": "U",
        "order": 114
      },
      {
        "shared": 0,
        "bulkChangeActions": [
          "replace",
          "clear"
        ],
        "field": "customN",
        "udf": 1,
        "show": 0,
        "control": "String",
        "tip": "c27",
        "label": "Bus.  Owner",
        "constraints": {
          "required": 0
        },
        "imp": "N",
        "order": 115
      },
      {
        "shared": 1,
        "bulkChangeActions": [
          "replace",
          "clear"
        ],
        "field": "customN",
        "udf": 1,
        "show": 1,
        "control": "String",
        "tip": "cf48: decommission request number",
        "label": "Decomm req #",
        "constraints": {
          "required": 0
        },
        "imp": "Y",
        "order": 171
      },
      {
        "shared": 0,
        "bulkChangeActions": [
          "replace",
          "clear"
        ],
        "field": "customN",
        "udf": 1,
        "show": 1,
        "control": "String",
        "tip": "c2: Lead interviewer and date of the initial SME interview",
        "label": "Intrvwr/Date",
        "constraints": {
          "required": 0
        },
        "imp": "N",
        "order": 172
      },
      {
        "shared": 0,
        "default": "No",
        "bulkChangeActions": [
          "replace",
          "clear"
        ],
        "field": "customN",
        "udf": 1,
        "show": 1,
        "control": "List",
        "tip": "c29: Can this application move during or after weekday business hours?",
        "label": "Can move weekday?",
        "constraints": {
          "values": [
            "",
            "Yes",
            "Yes, after hours",
            "No",
            "Don't know"
          ],
          "required": 0
        },
        "imp": "U",
        "order": 112
      },
      {
        "shared": 0,
        "bulkChangeActions": [
          "replace",
          "clear"
        ],
        "field": "customN",
        "udf": 1,
        "show": 0,
        "control": "String",
        "tip": "c30: BRM for the agency that owns the app",
        "label": "BRM",
        "constraints": {
          "required": 0
        },
        "imp": "N",
        "order": 174
      },
      {
        "shared": 1,
        "bulkChangeActions": [
          "replace",
          "clear"
        ],
        "field": "customN",
        "udf": 1,
        "show": 1,
        "control": "String",
        "tip": "c52",
        "label": "DSLastSeen-RVTools",
        "constraints": {
          "required": 0
        },
        "imp": "B",
        "order": 176
      },
      {
        "shared": 0,
        "bulkChangeActions": [
          "replace",
          "clear"
        ],
        "field": "customN",
        "udf": 1,
        "show": 0,
        "control": "String",
        "tip": "c31: Facility name, for DBHDS apps",
        "label": "DBHDS fac.",
        "constraints": {
          "required": 0
        },
        "imp": "N",
        "order": 177
      },
      {
        "shared": 0,
        "bulkChangeActions": [
          "replace",
          "clear"
        ],
        "field": "customN",
        "udf": 1,
        "show": 1,
        "control": "String",
        "tip": "c32: Owner of SQL DB tasks -- shutdown, restart, validation, etc.",
        "label": "SQL DBtasksBy",
        "constraints": {
          "required": 0
        },
        "imp": "U",
        "order": 178
      },
      {
        "shared": 0,
        "bulkChangeActions": [
          "replace",
          "clear"
        ],
        "field": "customN",
        "udf": 1,
        "show": 0,
        "control": "String",
        "tip": "c33: Oracle DB task owner",
        "label": "Ora DBtasksBy",
        "constraints": {
          "required": 0
        },
        "imp": "N",
        "order": 179
      },
      {
        "shared": 0,
        "bulkChangeActions": [
          "replace",
          "clear"
        ],
        "field": "customN",
        "udf": 1,
        "show": 1,
        "control": "String",
        "tip": "c56:  hosting VLAN",
        "label": "VLAN",
        "constraints": {
          "required": 0
        },
        "imp": "B",
        "order": 179
      },
      {
        "shared": 0,
        "bulkChangeActions": [
          "replace",
          "clear"
        ],
        "field": "customN",
        "udf": 1,
        "show": 0,
        "control": "String",
        "tip": "Are DB servers and app servers supporting the app on different VLANs?",
        "label": "SingleMultiVLAN",
        "constraints": {
          "required": 0
        },
        "imp": "N",
        "order": 180
      },
      {
        "shared": 0,
        "bulkChangeActions": [
          "replace",
          "clear"
        ],
        "field": "customN",
        "udf": 1,
        "show": 0,
        "control": "String",
        "tip": "c6: Dependency group",
        "label": "DepGrp (CF)",
        "constraints": {
          "required": 0
        },
        "imp": "N",
        "order": 113
      },
      {
        "shared": 0,
        "bulkChangeActions": [
          "replace",
          "clear"
        ],
        "field": "customN",
        "udf": 1,
        "show": 1,
        "control": "List",
        "label": "P2V svr?",
        "constraints": {
          "values": [
            "",
            "None",
            "App",
            "DB",
            "App&DB"
          ],
          "required": 0
        },
        "imp": "G",
        "order": 181
      },
      {
        "shared": 0,
        "default": null,
        "bulkChangeActions": [
          "replace",
          "clear"
        ],
        "field": "customN",
        "udf": 1,
        "show": 0,
        "control": "YesNo",
        "label": "W2008 svr?",
        "constraints": {
          "values": [
            "",
            "Yes",
            "No"
          ],
          "required": 0
        },
        "imp": "N",
        "order": 182
      },
      {
        "shared": 1,
        "default": null,
        "bulkChangeActions": [
          "replace",
          "clear"
        ],
        "field": "customN",
        "udf": 1,
        "show": 1,
        "control": "YesNo",
        "tip": "c60 -- needed?",
        "label": "Azure Candidate?",
        "constraints": {
          "values": [
            "",
            "Yes",
            "No"
          ],
          "required": 0
        },
        "imp": "N",
        "order": 181
      },
      {
        "shared": 0,
        "default": null,
        "bulkChangeActions": [
          "replace",
          "clear"
        ],
        "field": "customN",
        "udf": 1,
        "show": 0,
        "control": "YesNo",
        "label": "Oracle DB?",
        "constraints": {
          "values": [
            "",
            "Yes",
            "No"
          ],
          "required": 0
        },
        "imp": "B",
        "order": 183
      },
      {
        "shared": 1,
        "bulkChangeActions": [
          "replace",
          "clear"
        ],
        "field": "customN",
        "udf": 1,
        "show": 1,
        "errorMessage": "",
        "control": "String",
        "tip": "c83",
        "label": "Prop. New Bundle",
        "imp": "N",
        "constraints": {
          "required": 0
        },
        "order": 204
      },
      {
        "shared": 0,
        "bulkChangeActions": [
          "replace",
          "clear"
        ],
        "field": "customN",
        "udf": 1,
        "show": 1,
        "errorMessage": "",
        "control": "String",
        "tip": "c10",
        "label": "P2V SD by",
        "imp": "N",
        "constraints": {
          "required": 0
        },
        "order": 205
      },
      {
        "shared": 0,
        "bulkChangeActions": [
          "replace",
          "clear"
        ],
        "field": "customN",
        "udf": 1,
        "show": 1,
        "errorMessage": "",
        "control": "String",
        "tip": "c12",
        "label": "P2V SD duration",
        "imp": "N",
        "constraints": {
          "required": 0
        },
        "order": 206
      },
      {
        "shared": 0,
        "bulkChangeActions": [
          "replace",
          "clear"
        ],
        "field": "customN",
        "udf": 1,
        "show": 1,
        "errorMessage": "",
        "control": "String",
        "tip": "c35",
        "label": "P2V SU by",
        "imp": "N",
        "constraints": {
          "required": 0
        },
        "order": 207
      },
      {
        "shared": 0,
        "bulkChangeActions": [
          "replace",
          "clear"
        ],
        "field": "customN",
        "udf": 1,
        "show": 1,
        "errorMessage": "",
        "control": "String",
        "tip": "c36",
        "label": "P2V SU duration",
        "imp": "N",
        "constraints": {
          "required": 0
        },
        "order": 208
      },
      {
        "shared": 0,
        "bulkChangeActions": [
          "replace",
          "clear"
        ],
        "field": "customN",
        "udf": 1,
        "show": 1,
        "errorMessage": "",
        "control": "String",
        "tip": "c37",
        "label": "P2V testing by",
        "imp": "N",
        "constraints": {
          "required": 0
        },
        "order": 209
      },
      {
        "shared": 0,
        "bulkChangeActions": [
          "replace",
          "clear"
        ],
        "field": "customN",
        "udf": 1,
        "show": 1,
        "errorMessage": "",
        "control": "String",
        "tip": "c38",
        "label": "P2V testing duration",
        "imp": "N",
        "constraints": {
          "required": 0
        },
        "order": 210
      },
      {
        "shared": 0,
        "bulkChangeActions": [
          "replace",
          "clear"
        ],
        "field": "customN",
        "udf": 1,
        "show": 1,
        "errorMessage": "",
        "control": "String",
        "tip": "c26: Wave with move event",
        "label": "Wave",
        "imp": "N",
        "constraints": {
          "required": 0
        },
        "order": 211
      },
      {
        "shared": 0,
        "bulkChangeActions": [
          "replace",
          "clear"
        ],
        "field": "customN",
        "udf": 1,
        "show": 1,
        "errorMessage": "",
        "control": "String",
        "label": "DSID-vCenter",
        "imp": "O",
        "constraints": {
          "required": 0
        },
        "order": 102
      },
      {
        "shared": 0,
        "bulkChangeActions": [
          "replace",
          "clear"
        ],
        "field": "customN",
        "udf": 1,
        "show": 1,
        "errorMessage": "",
        "control": "String",
        "label": "DSID-VMwareHCX",
        "imp": "O",
        "constraints": {
          "required": 0
        },
        "order": 103
      },
      {
        "shared": 0,
        "bulkChangeActions": [
          "replace",
          "clear"
        ],
        "field": "customN",
        "udf": 1,
        "show": 1,
        "errorMessage": "",
        "control": "String",
        "label": "DSID-VMwareUUID",
        "imp": "O",
        "constraints": {
          "required": 0
        },
        "order": 104
      },
      {
        "shared": 0,
        "bulkChangeActions": [
          "replace",
          "clear"
        ],
        "field": "customN",
        "udf": 1,
        "show": 1,
        "errorMessage": "",
        "control": "String",
        "label": "DSOT-vCenter",
        "imp": "O",
        "constraints": {
          "required": 0
        },
        "order": 111
      },
      {
        "shared": 1,
        "bulkChangeActions": [
          "replace",
          "clear"
        ],
        "field": "customN",
        "udf": 1,
        "show": 1,
        "errorMessage": "",
        "control": "String",
        "tip": "c82",
        "label": "Target Folder",
        "imp": "P",
        "constraints": {
          "required": 0
        },
        "order": 750
      },
      {
        "shared": 0,
        "bulkChangeActions": [
          "replace",
          "clear"
        ],
        "field": "customN",
        "udf": 1,
        "show": 0,
        "errorMessage": "",
        "control": "String",
        "tip": "c70",
        "label": "DSID-VMwareHCX-EndpointID",
        "constraints": {
          "required": 0
        },
        "imp": "O",
        "order": 189
      },
      {
        "shared": 0,
        "bulkChangeActions": [
          "replace",
          "clear"
        ],
        "field": "customN",
        "udf": 1,
        "show": 1,
        "errorMessage": "",
        "control": "String",
        "tip": "c71",
        "label": "DSEP-VMwareHCX",
        "constraints": {
          "required": 0
        },
        "imp": "O",
        "order": 190
      },
      {
        "shared": 0,
        "bulkChangeActions": [
          "replace",
          "clear"
        ],
        "field": "customN",
        "udf": 1,
        "show": 1,
        "errorMessage": "",
        "control": "String",
        "tip": "c73",
        "label": "DSEP-vCenter",
        "constraints": {
          "required": 0
        },
        "imp": "O",
        "order": 192
      },
      {
        "shared": 0,
        "bulkChangeActions": [
          "replace",
          "clear"
        ],
        "field": "customN",
        "udf": 1,
        "show": 0,
        "errorMessage": "",
        "control": "String",
        "tip": "c74",
        "label": "DSOpt-vCenter-LocationType",
        "constraints": {
          "required": 0
        },
        "imp": "O",
        "order": 193
      },
      {
        "shared": 0,
        "bulkChangeActions": [
          "replace",
          "clear"
        ],
        "field": "customN",
        "udf": 1,
        "show": 1,
        "errorMessage": "",
        "control": "String",
        "tip": "c39: task owner for initial \"health check\"",
        "label": "healthcheckBy",
        "imp": "N",
        "constraints": {
          "required": 0
        },
        "order": 212
      }
    ],
    "version": 131
  },
  "DATABASE": {
    "domain": "DATABASE",
    "fields": [
      {
        "shared": 1,
        "bulkChangeActions": [
          "replace",
          "clear"
        ],
        "field": "customN",
        "udf": 1,
        "show": 1,
        "control": "List",
        "tip": "c1",
        "label": "Migration Method",
        "constraints": {
          "values": [
            "",
            "Clust remed",
            "Clust remed P2P",
            "Cluster",
            "L&S",
            "LPAR",
            "LPAR_HA",
            "OCI",
            "OCI_PCA",
            "OCI_PCC",
            "Oracle phys",
            "P2P",
            "P2V",
            "P2V by cust.",
            "PCA",
            "Remed+V2V",
            "V2V",
            "P2P_SAN",
            "PCA_DB",
            "PCA_NonDB",
            "PCA_NonOracle",
            "PCA_Oracle"
          ],
          "required": 0
        },
        "imp": "N",
        "order": 100
      },
      {
        "shared": 1,
        "bulkChangeActions": [
          "replace",
          "clear"
        ],
        "field": "customN",
        "udf": 1,
        "show": 1,
        "control": "String",
        "tip": "c4",
        "label": "Agency",
        "constraints": {
          "required": 0
        },
        "imp": "O",
        "order": 116
      },
      {
        "shared": 1,
        "bulkChangeActions": [
          "replace",
          "clear"
        ],
        "field": "customN",
        "udf": 1,
        "show": 1,
        "control": "String",
        "tip": "c11",
        "label": "Orig Src Doc",
        "constraints": {
          "required": 0
        },
        "imp": "N",
        "order": 117
      },
      {
        "shared": 0,
        "default": "",
        "bulkChangeActions": [
          "replace",
          "clear"
        ],
        "field": "customN",
        "udf": 1,
        "show": 1,
        "control": "List",
        "tip": "c2: Is this a database or a DB instance?",
        "label": "DB count",
        "constraints": {
          "values": [
            "",
            "DB",
            "Instance"
          ],
          "required": 0
        },
        "imp": "N",
        "order": 134
      },
      {
        "shared": 0,
        "default": "",
        "bulkChangeActions": [
          "replace",
          "clear"
        ],
        "field": "customN",
        "udf": 1,
        "show": 1,
        "control": "List",
        "tip": "c3: DB count, for instances",
        "label": "DB or Instance?",
        "constraints": {
          "values": [
            "",
            "DB",
            "Instance"
          ],
          "required": 0
        },
        "imp": "N",
        "order": 135
      },
      {
        "shared": 0,
        "bulkChangeActions": [
          "replace",
          "clear"
        ],
        "field": "customN",
        "udf": 1,
        "show": 1,
        "control": "String",
        "tip": "c5: MSSQL version",
        "label": "Version",
        "constraints": {
          "required": 0
        },
        "imp": "N",
        "order": 136
      },
      {
        "shared": 0,
        "bulkChangeActions": [
          "replace",
          "clear"
        ],
        "field": "customN",
        "udf": 1,
        "show": 1,
        "control": "String",
        "tip": "c6: MSSQL year",
        "label": "Version Year",
        "constraints": {
          "required": 0
        },
        "imp": "N",
        "order": 137
      },
      {
        "shared": 0,
        "bulkChangeActions": [
          "replace",
          "clear"
        ],
        "field": "customN",
        "udf": 1,
        "show": 1,
        "control": "String",
        "tip": "c7: Connecting port",
        "label": "TCP port",
        "constraints": {
          "required": 0
        },
        "imp": "N",
        "order": 138
      },
      {
        "shared": 1,
        "bulkChangeActions": [
          "replace",
          "clear"
        ],
        "field": "customN",
        "udf": 1,
        "show": 1,
        "control": "String",
        "tip": "cf48: decommission request number",
        "label": "Decomm req #",
        "constraints": {
          "required": 0
        },
        "imp": "Y",
        "order": 171
      },
      {
        "shared": 1,
        "bulkChangeActions": [
          "replace",
          "clear"
        ],
        "field": "customN",
        "udf": 1,
        "show": 1,
        "control": "String",
        "tip": "c52",
        "label": "DSLastSeen-RVTools",
        "constraints": {
          "required": 0
        },
        "imp": "B",
        "order": 176
      },
      {
        "shared": 0,
        "bulkChangeActions": [
          "replace",
          "clear"
        ],
        "field": "customN",
        "udf": 1,
        "show": 1,
        "control": "String",
        "tip": "c56:  hosting VLAN",
        "label": "VLAN",
        "constraints": {
          "required": 0
        },
        "imp": "B",
        "order": 179
      },
      {
        "shared": 1,
        "default": null,
        "bulkChangeActions": [
          "replace",
          "clear"
        ],
        "field": "customN",
        "udf": 1,
        "show": 1,
        "control": "YesNo",
        "tip": "c60 -- needed?",
        "label": "Azure Candidate?",
        "constraints": {
          "values": [
            "",
            "Yes",
            "No"
          ],
          "required": 0
        },
        "imp": "N",
        "order": 181
      },
      {
        "shared": 1,
        "bulkChangeActions": [
          "replace",
          "clear"
        ],
        "field": "customN",
        "udf": 1,
        "show": 1,
        "errorMessage": "",
        "control": "String",
        "tip": "c83",
        "label": "Prop. New Bundle",
        "imp": "N",
        "constraints": {
          "required": 0
        },
        "order": 204
      },
      {
        "shared": 0,
        "bulkChangeActions": [
          "replace",
          "clear"
        ],
        "field": "customN",
        "udf": 1,
        "show": 1,
        "errorMessage": "",
        "control": "String",
        "label": "DSID-vCenter",
        "imp": "O",
        "constraints": {
          "required": 0
        },
        "order": 102
      },
      {
        "shared": 0,
        "bulkChangeActions": [
          "replace",
          "clear"
        ],
        "field": "customN",
        "udf": 1,
        "show": 1,
        "errorMessage": "",
        "control": "String",
        "label": "DSID-VMwareHCX",
        "imp": "O",
        "constraints": {
          "required": 0
        },
        "order": 103
      },
      {
        "shared": 0,
        "bulkChangeActions": [
          "replace",
          "clear"
        ],
        "field": "customN",
        "udf": 1,
        "show": 1,
        "errorMessage": "",
        "control": "String",
        "label": "DSID-VMwareUUID",
        "imp": "O",
        "constraints": {
          "required": 0
        },
        "order": 104
      },
      {
        "shared": 0,
        "bulkChangeActions": [
          "replace",
          "clear"
        ],
        "field": "customN",
        "udf": 1,
        "show": 1,
        "errorMessage": "",
        "control": "String",
        "label": "DSOT-vCenter",
        "imp": "O",
        "constraints": {
          "required": 0
        },
        "order": 111
      },
      {
        "shared": 1,
        "bulkChangeActions": [
          "replace",
          "clear"
        ],
        "field": "customN",
        "udf": 1,
        "show": 1,
        "errorMessage": "",
        "control": "String",
        "tip": "c82",
        "label": "Target Folder",
        "imp": "P",
        "constraints": {
          "required": 0
        },
        "order": 750
      },
      {
        "shared": 0,
        "bulkChangeActions": [
          "replace",
          "clear"
        ],
        "field": "customN",
        "udf": 1,
        "show": 0,
        "errorMessage": "",
        "control": "String",
        "tip": "c70",
        "label": "DSID-VMwareHCX-EndpointID",
        "constraints": {
          "required": 0
        },
        "imp": "O",
        "order": 189
      },
      {
        "shared": 0,
        "bulkChangeActions": [
          "replace",
          "clear"
        ],
        "field": "customN",
        "udf": 1,
        "show": 1,
        "errorMessage": "",
        "control": "String",
        "tip": "c71",
        "label": "DSEP-VMwareHCX",
        "constraints": {
          "required": 0
        },
        "imp": "O",
        "order": 190
      },
      {
        "shared": 0,
        "bulkChangeActions": [
          "replace",
          "clear"
        ],
        "field": "customN",
        "udf": 1,
        "show": 1,
        "errorMessage": "",
        "control": "String",
        "tip": "c73",
        "label": "DSEP-vCenter",
        "constraints": {
          "required": 0
        },
        "imp": "O",
        "order": 192
      },
      {
        "shared": 0,
        "bulkChangeActions": [
          "replace",
          "clear"
        ],
        "field": "customN",
        "udf": 1,
        "show": 0,
        "errorMessage": "",
        "control": "String",
        "tip": "c74",
        "label": "DSOpt-vCenter-LocationType",
        "constraints": {
          "required": 0
        },
        "imp": "O",
        "order": 193
      }
    ],
    "version": 75
  },
  "DEVICE": {
    "domain": "DEVICE",
    "fields": [
      {
        "shared": 1,
        "bulkChangeActions": [
          "replace",
          "clear"
        ],
        "field": "customN",
        "udf": 1,
        "show": 1,
        "control": "List",
        "tip": "c1",
        "label": "Migration Method",
        "constraints": {
          "values": [
            "",
            "Clust remed",
            "Clust remed P2P",
            "Cluster",
            "L&S",
            "LPAR",
            "LPAR_HA",
            "OCI",
            "OCI_PCA",
            "OCI_PCC",
            "Oracle phys",
            "P2P",
            "P2V",
            "P2V by cust.",
            "PCA",
            "Remed+V2V",
            "V2V",
            "P2P_SAN",
            "PCA_DB",
            "PCA_NonDB",
            "PCA_NonOracle",
            "PCA_Oracle"
          ],
          "required": 0
        },
        "imp": "N",
        "order": 100
      },
      {
        "shared": 1,
        "bulkChangeActions": [
          "replace",
          "clear"
        ],
        "field": "customN",
        "udf": 1,
        "show": 1,
        "control": "String",
        "tip": "c4",
        "label": "Agency",
        "constraints": {
          "required": 0
        },
        "imp": "O",
        "order": 116
      },
      {
        "shared": 0,
        "bulkChangeActions": [
          "replace",
          "clear"
        ],
        "field": "customN",
        "udf": 1,
        "show": 1,
        "errorMessage": "",
        "control": "List",
        "tip": "c7",
        "label": "Priority?",
        "constraints": {
          "values": [
            "",
            "[Priority]",
            "."
          ],
          "required": 0
        },
        "imp": "N",
        "order": 106
      },
      {
        "shared": 0,
        "bulkChangeActions": [
          "replace",
          "clear"
        ],
        "field": "customN",
        "udf": 1,
        "show": 1,
        "control": "String",
        "tip": "c8",
        "label": "PodTracker Notes",
        "constraints": {
          "required": 0
        },
        "imp": "N",
        "order": 107
      },
      {
        "shared": 1,
        "bulkChangeActions": [
          "replace",
          "clear"
        ],
        "field": "customN",
        "udf": 1,
        "show": 1,
        "control": "String",
        "tip": "c11",
        "label": "Orig Src Doc",
        "constraints": {
          "required": 0
        },
        "imp": "N",
        "order": 117
      },
      {
        "shared": 0,
        "bulkChangeActions": [
          "replace",
          "clear"
        ],
        "field": "customN",
        "udf": 1,
        "show": 1,
        "control": "String",
        "tip": "c12: FQDN of the Device",
        "label": "DNSName",
        "constraints": {
          "required": 0
        },
        "imp": "N",
        "order": 134
      },
      {
        "shared": 0,
        "bulkChangeActions": [
          "replace",
          "clear"
        ],
        "field": "customN",
        "udf": 1,
        "show": 1,
        "control": "String",
        "tip": "c13: Indicates the asset is a VM template",
        "label": "Template",
        "constraints": {
          "required": 0
        },
        "imp": "N",
        "order": 135
      },
      {
        "shared": 0,
        "bulkChangeActions": [
          "replace",
          "clear"
        ],
        "field": "customN",
        "udf": 1,
        "show": 1,
        "control": "String",
        "tip": "c14: Cluster assigned to a VM",
        "label": "ClusterName",
        "constraints": {
          "required": 0
        },
        "imp": "N",
        "order": 136
      },
      {
        "shared": 0,
        "bulkChangeActions": [
          "replace",
          "clear"
        ],
        "field": "customN",
        "udf": 1,
        "show": 1,
        "control": "String",
        "tip": "c15: UUID from VMware for assets",
        "label": "VMware UUID",
        "constraints": {
          "required": 0
        },
        "imp": "N",
        "order": 137
      },
      {
        "shared": 0,
        "bulkChangeActions": [
          "replace",
          "clear"
        ],
        "field": "customN",
        "udf": 1,
        "show": 1,
        "control": "String",
        "tip": "c16: Number of Processors",
        "label": "Processor - Count",
        "constraints": {
          "required": 0
        },
        "imp": "N",
        "order": 138
      },
      {
        "shared": 0,
        "bulkChangeActions": [
          "replace",
          "clear"
        ],
        "field": "customN",
        "udf": 1,
        "show": 1,
        "control": "String",
        "tip": "c17: Amount of memory installed in MB",
        "label": "Memory",
        "constraints": {
          "required": 0
        },
        "imp": "N",
        "order": 139
      },
      {
        "shared": 0,
        "bulkChangeActions": [
          "replace",
          "clear"
        ],
        "field": "customN",
        "udf": 1,
        "show": 1,
        "control": "String",
        "tip": "c18: List of Mac addresses for machine",
        "label": "MACaddress",
        "constraints": {
          "required": 0
        },
        "imp": "N",
        "order": 140
      },
      {
        "shared": 0,
        "bulkChangeActions": [
          "replace",
          "clear"
        ],
        "field": "customN",
        "udf": 1,
        "show": 1,
        "control": "String",
        "tip": "c19: List of Networks Connected to on vSwitch in VM Ware",
        "label": "Network",
        "constraints": {
          "required": 0
        },
        "imp": "N",
        "order": 141
      },
      {
        "shared": 0,
        "bulkChangeActions": [
          "replace",
          "clear"
        ],
        "field": "customN",
        "udf": 1,
        "show": 1,
        "control": "String",
        "tip": "c20: List of Network Adaptor Types in VMware",
        "label": "NetworkAdapter",
        "constraints": {
          "required": 0
        },
        "imp": "N",
        "order": 142
      },
      {
        "shared": 0,
        "bulkChangeActions": [
          "replace",
          "clear"
        ],
        "field": "customN",
        "udf": 1,
        "show": 0,
        "control": "String",
        "tip": "c22: Yes: for Virtual Devices, No: for Physical",
        "label": "IsVirtual",
        "constraints": {
          "required": 0
        },
        "imp": "N",
        "order": 144
      },
      {
        "shared": 0,
        "bulkChangeActions": [
          "replace",
          "clear"
        ],
        "field": "customN",
        "udf": 1,
        "show": 0,
        "control": "String",
        "tip": "c23: Number of NICs installed",
        "label": "NICS",
        "constraints": {
          "required": 0
        },
        "imp": "N",
        "order": 145
      },
      {
        "shared": 0,
        "bulkChangeActions": [
          "replace",
          "clear"
        ],
        "field": "customN",
        "udf": 1,
        "show": 1,
        "control": "String",
        "tip": "c24: Power State of VM",
        "label": "VM powered",
        "constraints": {
          "required": 0
        },
        "imp": "N",
        "order": 146
      },
      {
        "shared": 0,
        "bulkChangeActions": [
          "replace",
          "clear"
        ],
        "field": "customN",
        "udf": 1,
        "show": 0,
        "control": "String",
        "tip": "c25: Number of Disks",
        "label": "Disks",
        "constraints": {
          "required": 0
        },
        "imp": "N",
        "order": 147
      },
      {
        "shared": 0,
        "bulkChangeActions": [
          "replace",
          "clear"
        ],
        "field": "customN",
        "udf": 1,
        "show": 1,
        "control": "String",
        "tip": "c27: Provisioned Storage size of VM in MB",
        "label": "VMSize",
        "constraints": {
          "required": 0
        },
        "imp": "N",
        "order": 148
      },
      {
        "shared": 0,
        "bulkChangeActions": [
          "replace",
          "clear"
        ],
        "field": "customN",
        "udf": 1,
        "show": 0,
        "control": "String",
        "tip": "c28: Processor Speed",
        "label": "Processor - Speed",
        "constraints": {
          "required": 0
        },
        "imp": "N",
        "order": 149
      },
      {
        "shared": 0,
        "bulkChangeActions": [
          "replace",
          "clear"
        ],
        "field": "customN",
        "udf": 1,
        "show": 0,
        "control": "String",
        "tip": "c29: Processor Model",
        "label": "Processor - Name",
        "constraints": {
          "required": 0
        },
        "imp": "N",
        "order": 150
      },
      {
        "shared": 0,
        "bulkChangeActions": [
          "replace",
          "clear"
        ],
        "field": "customN",
        "udf": 1,
        "show": 1,
        "control": "String",
        "tip": "c30: VM Connection State",
        "label": "Connection State",
        "constraints": {
          "required": 0
        },
        "imp": "N",
        "order": 151
      },
      {
        "shared": 0,
        "bulkChangeActions": [
          "replace",
          "clear"
        ],
        "field": "customN",
        "udf": 1,
        "show": 1,
        "control": "String",
        "tip": "c31: Guest Power State of a VM",
        "label": "Guest State",
        "constraints": {
          "required": 0
        },
        "imp": "N",
        "order": 152
      },
      {
        "shared": 0,
        "bulkChangeActions": [
          "replace",
          "clear"
        ],
        "field": "customN",
        "udf": 1,
        "show": 1,
        "control": "String",
        "tip": "c33: VM object ID from RV Tools",
        "label": "VM ID",
        "constraints": {
          "required": 0
        },
        "imp": "N",
        "order": 154
      },
      {
        "shared": 0,
        "bulkChangeActions": [
          "replace",
          "clear"
        ],
        "field": "customN",
        "udf": 1,
        "show": 0,
        "control": "String",
        "tip": "c34: VMware Object ID for non VMs",
        "label": "Object ID",
        "constraints": {
          "required": 0
        },
        "imp": "N",
        "order": 155
      },
      {
        "shared": 0,
        "bulkChangeActions": [
          "replace",
          "clear"
        ],
        "field": "customN",
        "udf": 1,
        "show": 0,
        "control": "String",
        "tip": "c35: vCenter Resource Pool",
        "label": "Resource Pool",
        "constraints": {
          "required": 0
        },
        "imp": "N",
        "order": 156
      },
      {
        "shared": 0,
        "bulkChangeActions": [
          "replace",
          "clear"
        ],
        "field": "customN",
        "udf": 1,
        "show": 1,
        "control": "String",
        "tip": "c36: Total disk size provisioned",
        "label": "Disk Provisioned",
        "constraints": {
          "required": 0
        },
        "imp": "N",
        "order": 157
      },
      {
        "shared": 0,
        "bulkChangeActions": [
          "replace",
          "clear"
        ],
        "field": "customN",
        "udf": 1,
        "show": 1,
        "control": "String",
        "tip": "c37: Total disk used of what is provisioned",
        "label": "Disk Used",
        "constraints": {
          "required": 0
        },
        "imp": "N",
        "order": 158
      },
      {
        "shared": 0,
        "bulkChangeActions": [
          "replace",
          "clear"
        ],
        "field": "customN",
        "udf": 1,
        "show": 1,
        "control": "String",
        "tip": "c38: vCenter SDK server data was reported from",
        "label": "vCenter Information",
        "constraints": {
          "required": 0
        },
        "imp": "N",
        "order": 159
      },
      {
        "shared": 0,
        "bulkChangeActions": [
          "replace",
          "clear"
        ],
        "field": "customN",
        "udf": 1,
        "show": 1,
        "control": "String",
        "tip": "c39: Number of cores identified by RVTools",
        "label": "Processor - Core Count",
        "constraints": {
          "required": 0
        },
        "imp": "N",
        "order": 160
      },
      {
        "shared": 0,
        "bulkChangeActions": [
          "replace",
          "clear"
        ],
        "field": "customN",
        "udf": 1,
        "show": 0,
        "control": "String",
        "tip": "c40: Count of Sockets",
        "label": "Sockets",
        "constraints": {
          "required": 0
        },
        "imp": "N",
        "order": 161
      },
      {
        "shared": 0,
        "bulkChangeActions": [
          "replace",
          "clear"
        ],
        "field": "customN",
        "udf": 1,
        "show": 1,
        "control": "String",
        "tip": "c41: Cores per socket/processor",
        "label": "Cores Per Processor",
        "constraints": {
          "required": 0
        },
        "imp": "N",
        "order": 162
      },
      {
        "shared": 0,
        "bulkChangeActions": [
          "replace",
          "clear"
        ],
        "field": "customN",
        "udf": 1,
        "show": 0,
        "control": "String",
        "tip": "c42: VMware Tools Installation Status",
        "label": "Tools Status",
        "constraints": {
          "required": 0
        },
        "imp": "N",
        "order": 163
      },
      {
        "shared": 0,
        "bulkChangeActions": [
          "replace",
          "clear"
        ],
        "field": "customN",
        "udf": 1,
        "show": 0,
        "control": "String",
        "tip": "c43: VMware Tools Installed Version",
        "label": "Tools Version",
        "constraints": {
          "required": 0
        },
        "imp": "N",
        "order": 164
      },
      {
        "shared": 0,
        "default": "N/A",
        "bulkChangeActions": [
          "replace",
          "clear"
        ],
        "field": "customN",
        "udf": 1,
        "show": 1,
        "control": "String",
        "tip": "c45: At what stage is the OS/SQL upgrade?",
        "label": "Win/SQL/P2V  Overall status",
        "constraints": {
          "values": [],
          "required": 0
        },
        "imp": "N",
        "order": 166
      },
      {
        "shared": 0,
        "bulkChangeActions": [
          "replace",
          "clear"
        ],
        "field": "customN",
        "udf": 1,
        "show": 1,
        "control": "List",
        "tip": "c49: Does  this server host a database?",
        "label": "DB Server?",
        "constraints": {
          "values": [
            "",
            "No",
            "SQL",
            "Oracle"
          ],
          "required": 0
        },
        "imp": "N",
        "order": 170
      },
      {
        "shared": 1,
        "bulkChangeActions": [
          "replace",
          "clear"
        ],
        "field": "customN",
        "udf": 1,
        "show": 1,
        "control": "String",
        "tip": "cf48: decommission request number",
        "label": "Decomm req #",
        "constraints": {
          "required": 0
        },
        "imp": "Y",
        "order": 171
      },
      {
        "shared": 0,
        "bulkChangeActions": [
          "replace",
          "clear"
        ],
        "field": "customN",
        "udf": 1,
        "show": 1,
        "control": "String",
        "tip": "c51: Location from ServiceNow",
        "label": "Loc fr CMDB",
        "constraints": {
          "required": 0
        },
        "imp": "N",
        "order": 175
      },
      {
        "shared": 1,
        "bulkChangeActions": [
          "replace",
          "clear"
        ],
        "field": "customN",
        "udf": 1,
        "show": 1,
        "control": "String",
        "tip": "c52",
        "label": "DSLastSeen-RVTools",
        "constraints": {
          "required": 0
        },
        "imp": "B",
        "order": 176
      },
      {
        "shared": 0,
        "bulkChangeActions": [
          "replace",
          "clear"
        ],
        "field": "customN",
        "udf": 1,
        "show": 0,
        "control": "String",
        "tip": "c53: Default Gateway",
        "label": "Def Gtwy",
        "constraints": {
          "required": 0
        },
        "imp": "N",
        "order": 177
      },
      {
        "shared": 0,
        "bulkChangeActions": [
          "replace",
          "clear"
        ],
        "field": "customN",
        "udf": 1,
        "show": 1,
        "control": "String",
        "tip": "c178: Virtual hardware version from vInfo sheet of rvTools report",
        "label": "HW version",
        "constraints": {
          "required": 0
        },
        "imp": "N",
        "order": 178
      },
      {
        "shared": 0,
        "bulkChangeActions": [
          "replace",
          "clear"
        ],
        "field": "customN",
        "udf": 1,
        "show": 1,
        "control": "String",
        "tip": "c56:  hosting VLAN",
        "label": "VLAN",
        "constraints": {
          "required": 0
        },
        "imp": "B",
        "order": 179
      },
      {
        "shared": 0,
        "bulkChangeActions": [
          "replace",
          "clear"
        ],
        "field": "customN",
        "udf": 1,
        "show": 1,
        "control": "String",
        "tip": "c58: New hostname for remediated SQL / Win2008 server",
        "label": "Replacement name",
        "constraints": {
          "required": 0
        },
        "imp": "Y",
        "order": 166
      },
      {
        "shared": 0,
        "bulkChangeActions": [
          "replace",
          "clear"
        ],
        "field": "customN",
        "udf": 1,
        "show": 1,
        "control": "String",
        "tip": "c5: OS category: Win2008, RHEL 6, etc.",
        "label": "OS group",
        "constraints": {
          "required": 0
        },
        "imp": "N",
        "order": 110
      },
      {
        "shared": 1,
        "default": null,
        "bulkChangeActions": [
          "replace",
          "clear"
        ],
        "field": "customN",
        "udf": 1,
        "show": 1,
        "control": "YesNo",
        "tip": "c60 -- needed?",
        "label": "Azure Candidate?",
        "constraints": {
          "values": [
            "",
            "Yes",
            "No"
          ],
          "required": 0
        },
        "imp": "N",
        "order": 181
      },
      {
        "shared": 0,
        "bulkChangeActions": [
          "replace",
          "clear"
        ],
        "field": "customN",
        "udf": 1,
        "show": 1,
        "errorMessage": "",
        "control": "String",
        "tip": "c62 - future plan for VDOT server  ",
        "label": "VDOT New Path",
        "constraints": {
          "required": 0
        },
        "imp": "G",
        "order": 166
      },
      {
        "shared": 0,
        "default": null,
        "bulkChangeActions": [
          "replace",
          "clear"
        ],
        "field": "customN",
        "udf": 1,
        "show": 1,
        "control": "String",
        "tip": "c64 -- needed?",
        "label": "SQL cluster?",
        "constraints": {
          "values": [],
          "maxSize": 255,
          "required": 0
        },
        "imp": "Y",
        "order": 183
      },
      {
        "shared": 0,
        "bulkChangeActions": [
          "replace",
          "clear"
        ],
        "field": "customN",
        "udf": 1,
        "show": 0,
        "control": "String",
        "tip": "c65",
        "label": "DSID-ServiceNow",
        "constraints": {
          "required": 0
        },
        "imp": "N",
        "order": 184
      },
      {
        "shared": 0,
        "bulkChangeActions": [
          "replace",
          "clear"
        ],
        "field": "customN",
        "udf": 1,
        "show": 0,
        "control": "String",
        "tip": "c66",
        "label": "ServiceNow: SubClass",
        "constraints": {
          "required": 0
        },
        "imp": "N",
        "order": 185
      },
      {
        "shared": 0,
        "bulkChangeActions": [
          "replace",
          "clear"
        ],
        "field": "customN",
        "udf": 1,
        "show": 0,
        "control": "String",
        "tip": "c67",
        "label": "ServiceNow: Sys Class",
        "constraints": {
          "required": 0
        },
        "imp": "N",
        "order": 186
      },
      {
        "shared": 0,
        "bulkChangeActions": [
          "replace",
          "clear"
        ],
        "field": "customN",
        "udf": 1,
        "show": 0,
        "control": "String",
        "tip": "c68",
        "label": "ServiceNow: Discovery Sources",
        "constraints": {
          "required": 0
        },
        "imp": "N",
        "order": 187
      },
      {
        "shared": 0,
        "bulkChangeActions": [
          "replace",
          "clear"
        ],
        "field": "customN",
        "udf": 1,
        "show": 0,
        "control": "String",
        "tip": "c69",
        "label": "URL",
        "constraints": {
          "required": 0
        },
        "imp": "N",
        "order": 188
      },
      {
        "shared": 0,
        "bulkChangeActions": [
          "replace",
          "clear"
        ],
        "field": "customN",
        "udf": 1,
        "show": 0,
        "errorMessage": "",
        "control": "String",
        "tip": "c70",
        "label": "DSID-VMwareHCX-EndpointID",
        "constraints": {
          "required": 0
        },
        "imp": "O",
        "order": 189
      },
      {
        "shared": 0,
        "bulkChangeActions": [
          "replace",
          "clear"
        ],
        "field": "customN",
        "udf": 1,
        "show": 1,
        "errorMessage": "",
        "control": "String",
        "tip": "c71",
        "label": "DSEP-VMwareHCX",
        "constraints": {
          "required": 0
        },
        "imp": "O",
        "order": 190
      },
      {
        "shared": 0,
        "bulkChangeActions": [
          "replace",
          "clear"
        ],
        "field": "customN",
        "udf": 1,
        "show": 0,
        "control": "String",
        "tip": "c72",
        "label": "ServiceNow: Tags",
        "constraints": {
          "required": 0
        },
        "imp": "N",
        "order": 191
      },
      {
        "shared": 0,
        "bulkChangeActions": [
          "replace",
          "clear"
        ],
        "field": "customN",
        "udf": 1,
        "show": 1,
        "errorMessage": "",
        "control": "String",
        "tip": "c73",
        "label": "DSEP-vCenter",
        "constraints": {
          "required": 0
        },
        "imp": "O",
        "order": 192
      },
      {
        "shared": 0,
        "bulkChangeActions": [
          "replace",
          "clear"
        ],
        "field": "customN",
        "udf": 1,
        "show": 0,
        "errorMessage": "",
        "control": "String",
        "tip": "c74",
        "label": "DSOpt-vCenter-LocationType",
        "constraints": {
          "required": 0
        },
        "imp": "O",
        "order": 193
      },
      {
        "shared": 0,
        "bulkChangeActions": [
          "replace",
          "clear"
        ],
        "field": "customN",
        "udf": 1,
        "show": 1,
        "control": "String",
        "tip": "c75",
        "label": "DSLastSeen-ServiceNow",
        "constraints": {
          "required": 0
        },
        "imp": "B",
        "order": 194
      },
      {
        "shared": 0,
        "bulkChangeActions": [
          "replace",
          "clear"
        ],
        "field": "customN",
        "udf": 1,
        "show": 0,
        "control": "String",
        "tip": "c76",
        "label": "Processor - Thread Count",
        "constraints": {
          "required": 0
        },
        "imp": "N",
        "order": 195
      },
      {
        "shared": 0,
        "bulkChangeActions": [
          "replace",
          "clear"
        ],
        "field": "customN",
        "udf": 1,
        "show": 0,
        "control": "String",
        "tip": "c77",
        "label": "Processor - Manufacturer",
        "constraints": {
          "required": 0
        },
        "imp": "N",
        "order": 196
      },
      {
        "shared": 0,
        "bulkChangeActions": [
          "replace",
          "clear"
        ],
        "field": "customN",
        "udf": 1,
        "show": 0,
        "control": "String",
        "tip": "c78",
        "label": "Processor - Model",
        "constraints": {
          "required": 0
        },
        "imp": "N",
        "order": 197
      },
      {
        "shared": 0,
        "bulkChangeActions": [
          "replace",
          "clear"
        ],
        "field": "customN",
        "udf": 1,
        "show": 1,
        "control": "String",
        "tip": "c9",
        "label": "Network - Hostname",
        "constraints": {
          "required": 0
        },
        "imp": "N",
        "order": 198
      },
      {
        "shared": 0,
        "bulkChangeActions": [
          "replace",
          "clear"
        ],
        "field": "customN",
        "udf": 1,
        "show": 1,
        "control": "String",
        "tip": "c10",
        "label": "Disks - Total Provisioned",
        "constraints": {
          "required": 0
        },
        "imp": "N",
        "order": 199
      },
      {
        "shared": 0,
        "bulkChangeActions": [
          "replace",
          "clear"
        ],
        "field": "customN",
        "udf": 1,
        "show": 1,
        "control": "String",
        "tip": "c79",
        "label": "Network - OS Domain",
        "constraints": {
          "required": 0
        },
        "imp": "N",
        "order": 200
      },
      {
        "shared": 0,
        "bulkChangeActions": [
          "replace",
          "clear"
        ],
        "field": "customN",
        "udf": 1,
        "show": 1,
        "control": "String",
        "tip": "c80",
        "label": "Memory - Total",
        "constraints": {
          "required": 0
        },
        "imp": "N",
        "order": 201
      },
      {
        "shared": 0,
        "bulkChangeActions": [
          "replace",
          "clear"
        ],
        "field": "customN",
        "udf": 1,
        "show": 1,
        "control": "String",
        "tip": "c81",
        "label": "Cost Center",
        "constraints": {
          "required": 0
        },
        "imp": "O",
        "order": 202
      },
      {
        "shared": 1,
        "bulkChangeActions": [
          "replace",
          "clear"
        ],
        "field": "customN",
        "udf": 1,
        "show": 1,
        "errorMessage": "",
        "control": "String",
        "tip": "c83",
        "label": "Prop. New Bundle",
        "imp": "N",
        "constraints": {
          "required": 0
        },
        "order": 204
      },
      {
        "shared": 0,
        "bulkChangeActions": [
          "replace",
          "clear"
        ],
        "field": "customN",
        "udf": 1,
        "show": 0,
        "errorMessage": "",
        "control": "String",
        "tip": "c84",
        "label": "ServiceNow: Location",
        "imp": "N",
        "constraints": {
          "required": 0
        },
        "order": 205
      },
      {
        "shared": 0,
        "bulkChangeActions": [
          "replace",
          "clear"
        ],
        "field": "customN",
        "udf": 1,
        "show": 1,
        "errorMessage": "",
        "control": "String",
        "tip": "c85: Resource for DBA tasks",
        "label": "DBA res",
        "imp": "N",
        "constraints": {
          "required": 0
        },
        "order": 206
      },
      {
        "shared": 0,
        "bulkChangeActions": [
          "replace",
          "clear"
        ],
        "field": "customN",
        "udf": 1,
        "show": 1,
        "errorMessage": "",
        "control": "String",
        "tip": "c86: tags to apply to the target VM",
        "label": "P2V tags",
        "imp": "N",
        "constraints": {
          "required": 0
        },
        "order": 207
      },
      {
        "shared": 0,
        "bulkChangeActions": [
          "replace",
          "clear"
        ],
        "field": "customN",
        "udf": 1,
        "show": 1,
        "errorMessage": "",
        "control": "String",
        "tip": "c87",
        "label": "CM-Activation Code",
        "imp": "P",
        "constraints": {
          "required": 0
        },
        "order": 742
      },
      {
        "shared": 0,
        "bulkChangeActions": [
          "replace",
          "clear"
        ],
        "field": "customN",
        "udf": 1,
        "show": 1,
        "errorMessage": "",
        "control": "String",
        "tip": "c88",
        "label": "CM-Installed Version",
        "imp": "P",
        "constraints": {
          "required": 0
        },
        "order": 744
      },
      {
        "shared": 0,
        "bulkChangeActions": [
          "replace",
          "clear"
        ],
        "field": "customN",
        "udf": 1,
        "show": 1,
        "errorMessage": "",
        "control": "String",
        "tip": "c89",
        "label": "CM-License Status",
        "imp": "N",
        "constraints": {
          "required": 0
        },
        "order": 743
      },
      {
        "shared": 0,
        "bulkChangeActions": [
          "replace",
          "clear"
        ],
        "field": "customN",
        "udf": 1,
        "show": 1,
        "errorMessage": "",
        "control": "String",
        "tip": "c90",
        "label": "CM-ReplicaSettings-CoresPerProcessor",
        "imp": "N",
        "constraints": {
          "required": 0
        },
        "order": 754
      },
      {
        "shared": 0,
        "bulkChangeActions": [
          "replace",
          "clear"
        ],
        "field": "customN",
        "udf": 1,
        "show": 1,
        "errorMessage": "",
        "control": "String",
        "tip": "c91",
        "label": "CM-ReplicaSettings-Cpus",
        "imp": "P",
        "constraints": {
          "required": 0
        },
        "order": 753
      },
      {
        "shared": 0,
        "bulkChangeActions": [
          "replace",
          "clear"
        ],
        "field": "customN",
        "udf": 1,
        "show": 1,
        "errorMessage": "",
        "control": "String",
        "tip": "c92",
        "label": "CM-ReplicaSettings-DisplayName",
        "imp": "N",
        "constraints": {
          "required": 0
        },
        "order": 752
      },
      {
        "shared": 0,
        "bulkChangeActions": [
          "replace",
          "clear"
        ],
        "field": "customN",
        "udf": 1,
        "show": 1,
        "errorMessage": "",
        "control": "String",
        "tip": "c93",
        "label": "CM-ReplicaSettings-Memory",
        "imp": "P",
        "constraints": {
          "required": 0
        },
        "order": 755
      },
      {
        "shared": 0,
        "bulkChangeActions": [
          "replace",
          "clear"
        ],
        "field": "customN",
        "udf": 1,
        "show": 1,
        "errorMessage": "",
        "control": "String",
        "tip": "c94",
        "label": "CM-Target Compute Container",
        "imp": "P",
        "constraints": {
          "required": 0
        },
        "order": 747
      },
      {
        "shared": 0,
        "bulkChangeActions": [
          "replace",
          "clear"
        ],
        "field": "customN",
        "udf": 1,
        "show": 1,
        "errorMessage": "",
        "control": "String",
        "tip": "c95",
        "label": "CM-Target Datastore",
        "imp": "P",
        "constraints": {
          "required": 0
        },
        "order": 748
      },
      {
        "shared": 0,
        "bulkChangeActions": [
          "replace",
          "clear"
        ],
        "field": "customN",
        "udf": 1,
        "show": 1,
        "errorMessage": "",
        "control": "String",
        "tip": "c96",
        "label": "CM-Target Network",
        "imp": "P",
        "constraints": {
          "required": 0
        },
        "order": 749
      },
      {
        "shared": 0,
        "bulkChangeActions": [
          "replace",
          "clear"
        ],
        "field": "customN",
        "udf": 1,
        "show": 1,
        "errorMessage": "",
        "control": "String",
        "tip": "c2",
        "label": "CM-VRA",
        "imp": "P",
        "constraints": {
          "required": 0
        },
        "order": 741
      },
      {
        "shared": 0,
        "bulkChangeActions": [
          "replace",
          "clear"
        ],
        "field": "customN",
        "udf": 1,
        "show": 1,
        "errorMessage": "",
        "control": "String",
        "tip": "c21",
        "label": "CM-WorkloadType",
        "imp": "P",
        "constraints": {
          "required": 0
        },
        "order": 745
      },
      {
        "shared": 0,
        "bulkChangeActions": [
          "replace",
          "clear"
        ],
        "field": "customN",
        "udf": 1,
        "show": 1,
        "errorMessage": "",
        "control": "String",
        "tip": "c26",
        "label": "CM-Target vCenter",
        "imp": "P",
        "constraints": {
          "required": 0
        },
        "order": 749
      },
      {
        "shared": 0,
        "bulkChangeActions": [
          "replace",
          "clear"
        ],
        "field": "customN",
        "udf": 1,
        "show": 1,
        "errorMessage": "",
        "control": "String",
        "tip": "c46",
        "label": "CM-Target PostFailoverScript",
        "imp": "P",
        "constraints": {
          "required": 0
        },
        "order": 756
      },
      {
        "shared": 0,
        "bulkChangeActions": [
          "replace",
          "clear"
        ],
        "field": "customN",
        "udf": 1,
        "show": 1,
        "errorMessage": "",
        "control": "String",
        "tip": "c50",
        "label": "DSID-Carbonite",
        "imp": "P",
        "constraints": {
          "required": 0
        },
        "order": 104
      },
      {
        "shared": 0,
        "bulkChangeActions": [
          "replace",
          "clear"
        ],
        "show": 1,
        "errorMessage": "",
        "control": "String",
        "label": "VM Network1",
        "imp": "N",
        "constraints": {
          "required": 0
        },
        "default": "Contents of the vInfo \"Network #1\" field",
        "field": "customN",
        "udf": 1,
        "tip": "c47",
        "order": 760
      },
      {
        "shared": 0,
        "bulkChangeActions": [
          "replace",
          "clear"
        ],
        "show": 1,
        "errorMessage": "",
        "control": "List",
        "label": "DR sub?",
        "imp": "N",
        "constraints": {
          "values": [
            "",
            "Yes",
            "No",
            "Not_Subscribed",
            "Subscribed"
          ],
          "required": 0
        },
        "default": null,
        "field": "customN",
        "udf": 1,
        "tip": "c3",
        "order": 761
      },
      {
        "shared": 0,
        "bulkChangeActions": [
          "replace",
          "clear"
        ],
        "field": "customN",
        "udf": 1,
        "show": 1,
        "errorMessage": "",
        "control": "String",
        "tip": "c6: Move wave within event",
        "label": "Wave",
        "imp": "N",
        "constraints": {
          "required": 0
        },
        "order": 762
      },
      {
        "shared": 0,
        "bulkChangeActions": [
          "replace",
          "clear"
        ],
        "field": "customN",
        "udf": 1,
        "show": 0,
        "errorMessage": "",
        "control": "List",
        "tip": "c32",
        "label": "DEV/Non-DEV",
        "imp": "N",
        "constraints": {
          "values": [
            "",
            "DEV",
            "Non-DEV"
          ],
          "required": 0
        },
        "order": 763
      },
      {
        "shared": 0,
        "bulkChangeActions": [
          "replace",
          "clear"
        ],
        "field": "customN",
        "udf": 1,
        "show": 1,
        "errorMessage": "",
        "control": "String",
        "tip": "c44: public IP address (if any) in CESC",
        "label": "Public IP CESC",
        "imp": "N",
        "constraints": {
          "required": 0
        },
        "order": 764
      },
      {
        "shared": 0,
        "bulkChangeActions": [
          "replace",
          "clear"
        ],
        "field": "customN",
        "udf": 1,
        "show": 1,
        "errorMessage": "",
        "control": "String",
        "tip": "c54:  public IP address (if any) in QTS",
        "label": "Public IP QTS",
        "imp": "N",
        "constraints": {
          "required": 0
        },
        "order": 765
      },
      {
        "shared": 0,
        "bulkChangeActions": [
          "replace",
          "clear"
        ],
        "field": "customN",
        "udf": 1,
        "show": 1,
        "errorMessage": "",
        "control": "String",
        "tip": "c57",
        "label": "DSID-vCenter",
        "imp": "O",
        "constraints": {
          "required": 0
        },
        "order": 102
      },
      {
        "shared": 0,
        "bulkChangeActions": [
          "replace",
          "clear"
        ],
        "field": "customN",
        "udf": 1,
        "show": 1,
        "errorMessage": "",
        "control": "String",
        "tip": "c59",
        "label": "DSID-VMwareHCX",
        "imp": "O",
        "constraints": {
          "required": 0
        },
        "order": 103
      },
      {
        "shared": 0,
        "bulkChangeActions": [
          "replace",
          "clear"
        ],
        "field": "customN",
        "udf": 1,
        "show": 1,
        "errorMessage": "",
        "control": "String",
        "tip": "c61",
        "label": "DSID-VMwareUUID",
        "imp": "O",
        "constraints": {
          "required": 0
        },
        "order": 104
      },
      {
        "shared": 0,
        "bulkChangeActions": [
          "replace",
          "clear"
        ],
        "field": "customN",
        "udf": 1,
        "show": 1,
        "errorMessage": "",
        "control": "String",
        "tip": "c63",
        "label": "DSOT-vCenter",
        "imp": "O",
        "constraints": {
          "required": 0
        },
        "order": 111
      },
      {
        "shared": 1,
        "bulkChangeActions": [
          "replace",
          "clear"
        ],
        "field": "customN",
        "udf": 1,
        "show": 1,
        "errorMessage": "",
        "control": "String",
        "tip": "c82",
        "label": "Target Folder",
        "imp": "P",
        "constraints": {
          "required": 0
        },
        "order": 750
      }
    ],
    "version": 197
  },
  "STORAGE": {
    "domain": "STORAGE",
    "fields": [
      {
        "shared": 1,
        "bulkChangeActions": [
          "replace",
          "clear"
        ],
        "field": "customN",
        "udf": 1,
        "show": 1,
        "control": "List",
        "tip": "c1",
        "label": "Migration Method",
        "constraints": {
          "values": [
            "",
            "Clust remed",
            "Clust remed P2P",
            "Cluster",
            "L&S",
            "LPAR",
            "LPAR_HA",
            "OCI",
            "OCI_PCA",
            "OCI_PCC",
            "Oracle phys",
            "P2P",
            "P2V",
            "P2V by cust.",
            "PCA",
            "Remed+V2V",
            "V2V",
            "P2P_SAN",
            "PCA_DB",
            "PCA_NonDB",
            "PCA_NonOracle",
            "PCA_Oracle"
          ],
          "required": 0
        },
        "imp": "N",
        "order": 100
      },
      {
        "shared": 1,
        "bulkChangeActions": [
          "replace",
          "clear"
        ],
        "field": "customN",
        "udf": 1,
        "show": 1,
        "control": "String",
        "tip": "c4",
        "label": "Agency",
        "constraints": {
          "required": 0
        },
        "imp": "O",
        "order": 116
      },
      {
        "shared": 1,
        "bulkChangeActions": [
          "replace",
          "clear"
        ],
        "field": "customN",
        "udf": 1,
        "show": 1,
        "control": "String",
        "tip": "c11",
        "label": "Orig Src Doc",
        "constraints": {
          "required": 0
        },
        "imp": "N",
        "order": 117
      },
      {
        "shared": 0,
        "bulkChangeActions": [
          "replace",
          "clear"
        ],
        "field": "customN",
        "udf": 1,
        "show": 1,
        "control": "String",
        "tip": "c2: Computed size = Total Capacity - Free Space",
        "label": "UsedSizeGB",
        "constraints": {
          "required": 0
        },
        "imp": "N",
        "order": 134
      },
      {
        "shared": 0,
        "bulkChangeActions": [
          "replace",
          "clear"
        ],
        "field": "customN",
        "udf": 1,
        "show": 1,
        "control": "String",
        "tip": "c3: Size from VMware",
        "label": "Capacity MB",
        "constraints": {
          "required": 0
        },
        "imp": "N",
        "order": 135
      },
      {
        "shared": 0,
        "bulkChangeActions": [
          "replace",
          "clear"
        ],
        "field": "customN",
        "udf": 1,
        "show": 1,
        "control": "String",
        "tip": "c5: File System Type",
        "label": "FSType",
        "constraints": {
          "required": 0
        },
        "imp": "N",
        "order": 136
      },
      {
        "shared": 1,
        "bulkChangeActions": [
          "replace",
          "clear"
        ],
        "field": "customN",
        "udf": 1,
        "show": 1,
        "control": "String",
        "tip": "cf48: decommission request number",
        "label": "Decomm req #",
        "constraints": {
          "required": 0
        },
        "imp": "Y",
        "order": 171
      },
      {
        "shared": 1,
        "bulkChangeActions": [
          "replace",
          "clear"
        ],
        "field": "customN",
        "udf": 1,
        "show": 1,
        "control": "String",
        "tip": "c52",
        "label": "DSLastSeen-RVTools",
        "constraints": {
          "required": 0
        },
        "imp": "B",
        "order": 176
      },
      {
        "shared": 0,
        "bulkChangeActions": [
          "replace",
          "clear"
        ],
        "field": "customN",
        "udf": 1,
        "show": 1,
        "control": "String",
        "tip": "c56:  hosting VLAN",
        "label": "VLAN",
        "constraints": {
          "required": 0
        },
        "imp": "B",
        "order": 179
      },
      {
        "shared": 1,
        "default": null,
        "bulkChangeActions": [
          "replace",
          "clear"
        ],
        "field": "customN",
        "udf": 1,
        "show": 1,
        "control": "YesNo",
        "tip": "c60 -- needed?",
        "label": "Azure Candidate?",
        "constraints": {
          "values": [
            "",
            "Yes",
            "No"
          ],
          "required": 0
        },
        "imp": "N",
        "order": 181
      },
      {
        "shared": 1,
        "bulkChangeActions": [
          "replace",
          "clear"
        ],
        "field": "customN",
        "udf": 1,
        "show": 1,
        "errorMessage": "",
        "control": "String",
        "tip": "c83",
        "label": "Prop. New Bundle",
        "imp": "N",
        "constraints": {
          "required": 0
        },
        "order": 204
      },
      {
        "shared": 0,
        "bulkChangeActions": [
          "replace",
          "clear"
        ],
        "field": "customN",
        "udf": 1,
        "show": 1,
        "errorMessage": "",
        "control": "String",
        "tip": "c6: IP address",
        "label": "IP address",
        "imp": "N",
        "constraints": {
          "required": 0
        },
        "order": 205
      },
      {
        "shared": 0,
        "bulkChangeActions": [
          "replace",
          "clear"
        ],
        "field": "customN",
        "udf": 1,
        "show": 1,
        "errorMessage": "",
        "control": "String",
        "label": "DSID-vCenter",
        "imp": "O",
        "constraints": {
          "required": 0
        },
        "order": 102
      },
      {
        "shared": 0,
        "bulkChangeActions": [
          "replace",
          "clear"
        ],
        "field": "customN",
        "udf": 1,
        "show": 1,
        "errorMessage": "",
        "control": "String",
        "label": "DSID-VMwareHCX",
        "imp": "O",
        "constraints": {
          "required": 0
        },
        "order": 103
      },
      {
        "shared": 0,
        "bulkChangeActions": [
          "replace",
          "clear"
        ],
        "field": "customN",
        "udf": 1,
        "show": 1,
        "errorMessage": "",
        "control": "String",
        "label": "DSID-VMwareUUID",
        "imp": "O",
        "constraints": {
          "required": 0
        },
        "order": 104
      },
      {
        "shared": 0,
        "bulkChangeActions": [
          "replace",
          "clear"
        ],
        "field": "customN",
        "udf": 1,
        "show": 1,
        "errorMessage": "",
        "control": "String",
        "label": "DSOT-vCenter",
        "imp": "O",
        "constraints": {
          "required": 0
        },
        "order": 111
      },
      {
        "shared": 1,
        "bulkChangeActions": [
          "replace",
          "clear"
        ],
        "field": "customN",
        "udf": 1,
        "show": 1,
        "errorMessage": "",
        "control": "String",
        "tip": "c82",
        "label": "Target Folder",
        "imp": "P",
        "constraints": {
          "required": 0
        },
        "order": 750
      },
      {
        "shared": 0,
        "bulkChangeActions": [
          "replace",
          "clear"
        ],
        "field": "customN",
        "udf": 1,
        "show": 0,
        "errorMessage": "",
        "control": "String",
        "tip": "c70",
        "label": "DSID-VMwareHCX-EndpointID",
        "constraints": {
          "required": 0
        },
        "imp": "O",
        "order": 189
      },
      {
        "shared": 0,
        "bulkChangeActions": [
          "replace",
          "clear"
        ],
        "field": "customN",
        "udf": 1,
        "show": 1,
        "errorMessage": "",
        "control": "String",
        "tip": "c71",
        "label": "DSEP-VMwareHCX",
        "constraints": {
          "required": 0
        },
        "imp": "O",
        "order": 190
      },
      {
        "shared": 0,
        "bulkChangeActions": [
          "replace",
          "clear"
        ],
        "field": "customN",
        "udf": 1,
        "show": 1,
        "errorMessage": "",
        "control": "String",
        "tip": "c73",
        "label": "DSEP-vCenter",
        "constraints": {
          "required": 0
        },
        "imp": "O",
        "order": 192
      },
      {
        "shared": 0,
        "bulkChangeActions": [
          "replace",
          "clear"
        ],
        "field": "customN",
        "udf": 1,
        "show": 0,
        "errorMessage": "",
        "control": "String",
        "tip": "c74",
        "label": "DSOpt-vCenter-LocationType",
        "constraints": {
          "required": 0
        },
        "imp": "O",
        "order": 193
      },
      {
        "shared": 0,
        "bulkChangeActions": [
          "replace",
          "clear"
        ],
        "field": "customN",
        "udf": 1,
        "show": 1,
        "errorMessage": "",
        "control": "String",
        "label": "Space - Free",
        "imp": "Y",
        "constraints": {
          "required": 0
        },
        "order": 206
      }
    ],
    "version": 73
  }
}
