[
  {
    "id": null,
    "name": "Carbonite",
    "description": "",
    "comment": "",
    "dateCreated": "2020-06-17T18:09:30Z",
    "lastUpdated": "2020-06-17T18:09:30Z"
  },
  {
    "id": null,
    "name": "ServiceNow",
    "description": "",
    "comment": "",
    "dateCreated": "2020-05-18T20:05:41Z",
    "lastUpdated": "2020-05-18T20:05:41Z"
  },
  {
    "id": null,
    "name": "TransitionManager",
    "description": "",
    "comment": "",
    "dateCreated": "2020-07-07T18:30:24Z",
    "lastUpdated": "2020-07-07T18:30:24Z"
  },
  {
    "id": null,
    "name": "VMware",
    "description": "",
    "comment": "",
    "dateCreated": "2019-09-06T15:03:08Z",
    "lastUpdated": "2019-09-06T15:03:08Z"
  },
  {
    "id": null,
    "name": "VMware HCX",
    "description": "",
    "comment": "",
    "dateCreated": "2020-06-17T18:09:43Z",
    "lastUpdated": "2020-06-17T18:09:43Z"
  },
  {
    "id": null,
    "name": "VMware vCenter",
    "description": "",
    "comment": "",
    "dateCreated": "2020-06-17T18:09:38Z",
    "lastUpdated": "2020-06-17T18:09:38Z"
  }
]
